username,joined
Ilene South,2020-04-10
Quint S. Henschel,2020-02-27
Al Kaholic,2020-02-18
Sandy Beech,2020-04-25
Luna Tick,2020-04-02
Sally Forth,2020-02-15
Ilene South,2020-03-23
Bob Inforapples,2020-02-13
Lou Briccant,2020-03-04
Carl Arm,2020-04-21
Rose Gardner,2020-05-17
Jerry Atrics,2020-04-15
Sal Ami,2020-04-19
Michael Otto Nuys,2020-04-22
Armand Hammer,2020-05-16
Bea Lowe,2020-03-05
Stew Ng,2020-03-26
Eli Ondefloor,2020-04-08
Nick L. Andime,2020-02-19
Kerry Oki,2020-02-20
Rusty Nails,2020-03-29
Vlad Tire,2020-04-28
Rhoda Booke,2020-04-27
Adam Baum,2020-03-05
Pat Pending,2020-03-23
